"","year","Pop. Total Bio.","age_4_bio","region","age_2_bio"
"1",2025,705.389,153.364891643362,"AI",170.86961441164
"2",2026,694.91,150.81398410175,"AI",168.331238154824
"3",2025,705.389,175.204177671707,"BS",195.201587281719
"4",2026,694.91,172.29001880943,"BS",192.301744169443
"5",2025,705.389,304.556416008492,"GOA",339.317798306641
"6",2026,694.91,299.49075039156,"GOA",334.277017675733
